Supplier_ID,Suppiler_Name,Suppiler_Email,Suppiler_Contact,Suppiler_Address
1,DealClock,dealclock.com,(440) 355-8008,"280 Opportunity Way, Lagrange, OH 44050"
2,Steelseries,steelseries.com,(929) 890-4577,"656 W Randolph Street Suite 2E, Chicago, Illinois 60661, US"
3,Bestbuy,bestbuy.com,(888) 237-8289,"531 5th Ave, New York, NY 10017"
4,Zoneusa,zoneusa.com,(917) 283-2375,"7531 Bergenline Ave, North Bergen, NJ 07047"
5,Firemall LLC,firewallLlc.com,(845)352-0958,"1014 Stanley Ave Brooklyn, NY, 11208-5234"
6,Electronic Express,homeinstallelectronicexpress.com,(615) 346-1415,"418 Harding Industrial Dr, Nashville, TN 37211"
7,Beach Camera,Customerservicebeachcamera.com,(800) 572-3224,"80 Carter Dr 2, Edison, NJ 08817"
8,Bhphoto Video,bhphotovideo.com,(999) 456-7890,"420 9th Ave, New York, NY 10001"
9,Jpkovacic,jpkovaic.com,(678) 909-5678,"135 Willow St, Brownsville, PA 15417"
10,turtlebeach_inc,turtlebeach_inc.com,(898) 778-9009,"12220 Scripps Summit Dr 100,San Diego, CA 92131"
11,Walmart,servicewalmartcontacts.com.,(614) 534-1996,"500 Bayonne Crossing Way, Bayonne, NJ 07002"
12,shipfast2day,infogcaptain.com,(889) 909-4566,"821 CAMBRIDGE CROSS PL LAS VEGAS, NV 89144-1335"
13,Antoline,antonline.com,(787) 466-8989,"4662 Puttygut Rd, China Township, MI 48054"
